{
  "name": "Bowser's Inside Story",
  "author": "DreamerSouls",
  "version": "v1.0",
  "manifest_version": 2,
  "music": false,
  "mappings": {
    "deck_ui_achievement_toast.wav": [
      "Achievement/deck_ui_achievement_toast0.wav",
      "Achievement/deck_ui_achievement_toast1.wav",
      "Achievement/deck_ui_achievement_toast2.wav"
    ],
    "deck_ui_bumper_end_02.wav": [
      "Bumper/deck_ui_bumper_end_020.wav",
      "Bumper/deck_ui_bumper_end_021.wav",
      "Bumper/deck_ui_bumper_end_022.wav"
    ],
    "deck_ui_launch_game.wav": [
      "Launch/deck_ui_launch_game0.wav",
      "Launch/deck_ui_launch_game1.wav",
      "Launch/deck_ui_launch_game2.wav",
      "Launch/deck_ui_launch_game3.wav",
      "Launch/deck_ui_launch_game4.wav",
      "Launch/deck_ui_launch_game5.wav",
      "Launch/deck_ui_launch_game6.wav",
      "Launch/deck_ui_launch_game7.wav",
      "Launch/deck_ui_launch_game8.wav",
      "Launch/deck_ui_launch_game9.wav"
    ],
    "deck_ui_toast.wav":[
      "Noti/deck_ui_toast0.wav",
      "Noti/deck_ui_toast1.wav",
      "Noti/deck_ui_toast2.wav",
      "Noti/deck_ui_toast3.wav",
      "Noti/deck_ui_toast4.wav",
      "Noti/deck_ui_toast5.wav"

    ]
  },
  "ignore": [
    "confirmation_negative.wav",
    "confirmation_positive.wav",
    "deck_ui_message_toast.wav",
    "deck_ui_misc_01.wav",
    "deck_ui_misc_08.wav",
    "deck_ui_tile_scroll.wav",
    "pop_sound.wav",
    "steam_at_mention.m4a",
    "steam_chatroom_notification.m4a",
    "ui_steam_message_old_smooth.m4a",
    "ui_steam_smoother_friend_join.m4a",
    "deck_ui_typing.wav",
    "deck_ui_side_menu_fly_in.wav",
    "deck_ui_side_menu_fly_out.wav",
    "ui_steam_smoother_friend_online.m4a",
    "deck_ui_slider_down.wav",
    "deck_ui_slider_up.wav",
    "deck_ui_switch_toggle_off.wav",
    "deck_ui_switch_toggle_on.wav",
    "deck_ui_typing.wav",
    "deck_ui_volume.wav"
  ],
  "id": "c9e78ffc-c400-403f-b438-b72fe04b9b5d"
}
